model,weight
lasso,0.22163989123751193
elasticnet,0.20997714144870538
ridge,1.8201043970600406e-17
bayesian_ridge,1.2400562347802957e-17
kernel_ridge,4.6891743959998067e-17
svr,0.2630965227096884
gbr,0.124527137096376
extra_trees,0.04111546998777221
random_forest,0.0
xgb,0.03301027182770817
lgbm,2.1033522146218786e-17
catboost,0.10663356569223778
